产品,处理器,操作系统,售价,重量,屏幕尺寸,屏幕类型,形态,折叠尺寸,铰链,手写笔,材质,版本,性能释放,内存,存储,充电功率,天线,产品定位,发布时间,厚度,键盘,归属
MateBook D 16 SE,,,4000-5000元,,16英寸,护眼屏,,,,,,,,,,,,,,,数字小键盘,华为 > 笔记本 > MateBook D 系列
MateBook E,,,,,,,二合一(可拆卸),,,,,,,,,,,,,,,华为 > 笔记本 > MateBook E 系列
MateBook Fold 非凡大师,麒麟X90 Plus,鸿蒙,24999元,,18英寸,双层OLED,折叠,13英寸,玄武水滴铰链,支持 M-Pen3,,,,,,,,,,,,华为 > 笔记本 > MateBook Fold 系列
MateBook GT,,,,,,,,,,,,,,,,,,高性能,2024年,,,华为 > 笔记本 > MateBook GT 系列
MateBook Pro,麒麟X90 Plus,,,970g,,,,,,,,,40W,,,,,,,,,华为 > 笔记本 > MateBook Pro 系列
MateBook Pro S,麒麟XE90,,7999元起,798g,14.2英寸,,,,,,镁锂合金,标准版 / 柔光版 / 防窥版 / 典藏版,,,,,,,,,,华为 > 笔记本 > MateBook Pro 系列
MateBook X Pro,酷睿Ultra9,Windows,,1.26kg,,3.1K OLED柔性屏,,,,,,,,32GB,2TB,140W,3D超材料天线,,,,,华为 > 笔记本 > MateBook X Pro 系列
MateBook 14 Linux 版,,Linux,,1.31kg,,,,,,,,,,,,,,,,14.5mm,,华为 > 笔记本 > MateBook 数字系列
MateBook 14 鸿蒙版,,鸿蒙,6599元起,,,,,,,,,,,,,,,,,,,华为 > 笔记本 > MateBook 数字系列
