关系,出现次数,出对比,权重,备注
佩戴形态,20,1,中,
是否主动降噪,20,1,中,
降噪形态,20,0,低,
发布时间,20,0,低,
防水等级,15,1,中,
单耳重量,14,1,高,
综合续航（关ANC，含盒）,14,1,高,
蓝牙版本,12,1,中,
驱动单元,9,1,中,
音频协议,9,0,低,
单次续航（关ANC）,8,1,高,
降噪深度（峰值）,6,1,高,
芯片,5,1,中,
无线充电,5,0,低,
麦克风数量,5,0,低,
连接技术,4,0,低,
耳机电池容量,2,0,低,
充电盒电池容量,2,0,低,
快充规格,2,0,低,
桥身材质,2,0,低,
空间音频,2,0,低,
自动左右识别,2,0,低,
耳机查找,2,0,低,
双设备连接,2,0,低,
配色,2,0,低,
首发价,2,0,低,
降噪深度（平均）,1,0,低,
综合续航（开ANC，含盒）,1,0,低,
充电盒重量,1,0,低,
防漏音技术,1,0,低,
频响范围,1,0,低,
头动控制,1,0,低,
AI助手,1,0,低,
实时翻译,1,0,低,
星闪查找,1,0,低,
触控操作,1,0,低,
典藏版,1,0,低,
