产品,佩戴形态,是否主动降噪,降噪形态,发布时间,防水等级,单耳重量,综合续航（关ANC，含盒）,蓝牙版本,驱动单元,音频协议,单次续航（关ANC）,降噪深度（峰值）,芯片,无线充电,麦克风数量,连接技术,耳机电池容量,充电盒电池容量,快充规格,桥身材质,空间音频,自动左右识别,耳机查找,双设备连接,配色,首发价,降噪深度（平均）,综合续航（开ANC，含盒）,充电盒重量,防漏音技术,频响范围,头动控制,AI助手,实时翻译,星闪查找,触控操作,典藏版,归属
FreeArc,挂耳式,否,无,2025年4月,IP57,,28h,,17×12mm单元,,,,,,,,,,,,,,,,,,,,,,,,,,,,,华为 > 耳机 > FreeArc 系列
FreeBuds Pro,入耳式,是,入耳ANC,2020年9月,未标注,6.1g,30h,5.2,11mm动圈,,7h,40dB,麒麟A1,支持,,,,,,,,,,,,,,,,,,,,,,,,华为 > 耳机 > FreeBuds Pro 系列
FreeBuds Pro 2,入耳式,是,入耳ANC,2022年7月,IP54,6.1g,30h,5.2,四磁动圈 + 微平板双单元,L2HC 2.0 / LDAC / AAC / SBC,6.5h,47dB,,支持,,,,,,,,,,,,,,,,,,,,,,,,华为 > 耳机 > FreeBuds Pro 系列
FreeBuds Pro 3,入耳式,是,入耳ANC,2023年9月,IP54,5.8g,31h,5.2,,LDAC / L2HC 2.0,,,,支持,,,,,,,,,,,,,,,,,,,,,,,,华为 > 耳机 > FreeBuds Pro 系列
FreeBuds Pro 4,入耳式,是,入耳ANC,2024年11月,IP54,,38h,,,HWA Lossless / 星闪无损,,47dB,,,,,,,,,,,,,,,,,,,,,,,,,,华为 > 耳机 > FreeBuds Pro 系列
FreeBuds Pro 5,入耳式,是,入耳ANC,2025年11月,IP54,5.5g,36h,5.3,,,,52dB,麒麟A3,,3,星闪 E2.0,,,,,,,,,,,,,,,,,,,,,,华为 > 耳机 > FreeBuds Pro 系列
FreeBuds SE 2,入耳式,否,无,2023年,IP54,3.8g,40h,5.3,10mm动圈,SBC / AAC,9h,,,,,,,,,,,,,,,,,,,,,,,,,,,华为 > 耳机 > FreeBuds SE 系列
FreeBuds SE 3,半入耳式（open-fit）,否,无,2025年1月,IP54,3.8g,42h,5.4,10mm动圈,SBC / AAC,9h,,,,,,,,,,,,,,,,,,,,,,,,,,,华为 > 耳机 > FreeBuds SE 系列
FreeBuds SE 4 ANC,入耳式,是,入耳ANC,2025年8月,IP54,4.3g,50h,5.4,10mm动圈（镀钛振膜）,,,,,,3,,,,,,,,,,,,24dB,35h,,,,,,,,,,华为 > 耳机 > FreeBuds SE 系列
FreeBuds 4i,入耳式,否,无,2021年,,,,,,,10h,,,,,,,,,,,,,,,,,,,,,,,,,,,华为 > 耳机 > FreeBuds i 系列
FreeBuds 5i,入耳式,是,入耳ANC,2022年,,,,,,Hi-Res 认证,,42dB,,,,,,,,,,,,,,,,,,,,,,,,,,华为 > 耳机 > FreeBuds i 系列
FreeBuds 6i,入耳式,是,入耳ANC,2024年6月,IP54,5.4g,35h,5.3,11mm四磁动圈,,,,,,3,,,,,,,,,,,,,,,,,,,,,,,华为 > 耳机 > FreeBuds i 系列
FreeBuds 7i,入耳式,是,入耳ANC,2026年1月,,,,,,,,,,,,,,,,,,,,,,,,,,,,,,,,,,华为 > 耳机 > FreeBuds i 系列
FreeBuds 3,半入耳式,是,半开放ANC,2019年,未标注,4.5g,,,,,,,麒麟A1,,,,,,,,,,,,,,,,,,,,,,,,,华为 > 耳机 > FreeBuds 数字系列
FreeBuds 4,半入耳式,是,半开放ANC,2021年,未标注,4.1g,,5.2,,,4h,约25dB,,,,,,,,,,,,,,,,,,,,,,,,,,华为 > 耳机 > FreeBuds 数字系列
FreeBuds 5,半入耳式,是,半开放ANC,2023年,IP54,5.4g,30h,5.2,,LDAC / L2HC,,,,,,,,,,,,,,,,,,,,,,,,,,,,华为 > 耳机 > FreeBuds 数字系列
FreeBuds 6,半入耳式,是,半开放ANC,2025年3月,,4.8g,30h,,,,,,,,,星闪（2.3Mbps 无损）,,,,,,,,,,,,,,,,,,,,,,华为 > 耳机 > FreeBuds 数字系列
FreeBuds 7,半入耳式,是,半开放ANC,2026年8月,,,,,,48kHz/24bit 无损,,,,,,星闪 E2.0（16Mbps）,,,,,,,,,,,,,,,,,,,,,,华为 > 耳机 > FreeBuds 数字系列
FreeClip,耳夹式,否,无,2023年12月26日,IP54,5.6g,36h,5.3,10.8mm双磁动圈,SBC / AAC / L2HC,8h,,物奇WQ7036AX,支持（约2W）,6,,55mAh,510mAh,充电10分钟播放3小时,镍钛记忆合金C形桥,Audio Vivid,支持,支持,支持,星空黑 / 流光紫 / 玫瑰金 / 暖星云,1299元,,,45.5g,逆声场防漏音,20Hz–20kHz,,,,,,,华为 > 耳机 > FreeClip 系列
FreeClip 2,耳夹式,否,无,2025年9月24日,IP57,5.1g,38h,6.0,10.8mm开放式双振膜,,9h,,第三代自研低功耗芯片（首款搭载NPU AI处理器）,支持Qi,3,星闪 E2.0（全球首款星闪耳机）,60mAh,537mAh,充电10分钟补能3小时,亲肤液态硅胶 + 记忆金属（云感C形桥）,高清空间音频（头动跟踪时延降40%）,支持,离线查找 + 楼层定位,支持,丹宁蓝 / 摩登黑 / 羽纱白（+冰莓紫 / 玫瑰金）,1299元,,,,,,支持（点头/摇头接听、拒接）,鸿蒙AI耳边助手,支持（中文与20种语言互译）,支持（50米精确查找）,敲击 + 滑动,1499元，星海蓝 / 珠光银（2026-06）,华为 > 耳机 > FreeClip 系列
