产品,形态,产品定位,售价,表壳尺寸,表壳材质,屏幕尺寸,屏幕类型,常规使用续航,峰值亮度,轻度使用续航,重量,表镜材质,潜水,卫星通信,运动模式数,专业运动模式,兼容性,血压监测,ECG 心电,血糖风险评估,定位,越野跑模式续航,认证,内置耳机,耳机重量,耳机降噪,耳机左右,特性,归属
WATCH Buds 2,,,,,钛合金,1.5英寸,LTPO,,3000nit,,54.5g,,,,,,,,,,,,,有,4g/只,AI降噪,不分左右,,华为 > 智能手表 > WATCH Buds 系列
WATCH D2,,,,,,,,,,,,,,,,,,医疗级动态血压监测,,,,,写入中国高血压防治指南,,,,,,华为 > 智能手表 > WATCH D 系列
WATCH FIT 5,,,,,,1.74英寸,,14天,,,27g,,,,,,,,,,,,,,,,,,华为 > 智能手表 > WATCH FIT 系列
WATCH FIT 5 Pro,,,,,,1.92英寸,LTPO,7天,,,,,,,,,,,支持,支持,,,,,,,,,华为 > 智能手表 > WATCH FIT 系列
WATCH GT Runner 2,,,,,,,,,,,,,,,,专业跑步指标,,,,,轻量化,,,,,,,,华为 > 智能手表 > WATCH GT Runner 系列
WATCH GT 7 41mm,,,1488元起,41mm,,,,7天,,14天,,,,,110+,滑雪、骑行,iOS 与 Android,,,,,32小时,,,,,,,华为 > 智能手表 > WATCH GT 系列
WATCH GT 7 46mm,,,1588元起,46mm,,,,12天,,21天,,,,,110+,滑雪、骑行,iOS 与 Android,,,,,51小时,,,,,,,华为 > 智能手表 > WATCH GT 系列
WATCH GT 7 Pro 46mm,,,2488元起,46mm,钛合金,,,,,,,蓝宝石,,,,专业登山、潜水,,,,,,,,,,,,,华为 > 智能手表 > WATCH GT 系列
WATCH Ultimate 2,,,,,,,,,,,,,150米潜水带音频,双向北斗卫星,,水下声呐通信、北斗卫星语音消息,,,,,,,,,,,,,华为 > 智能手表 > WATCH Ultimate 系列
华为手环 11,,入门健康监测,,,,,,,,,,,,,,,,,,,,,,,,,,,华为 > 智能手表 > 手环系列
