产品,形态,产品定位,售价,处理器,内存,存储,操作系统,屏幕尺寸,屏幕类型,屏幕分辨率,重量,厚度,材质,充电功率,版本,性能释放,键盘,手写笔,发布时间,折叠尺寸,天线,铰链,特性,归属
MateBook D 16 SE,,,4000-5000元,,,,,16英寸,护眼屏,,,,,,,,数字小键盘,,,,,,,华为 > 笔记本 > MateBook D 系列
MateBook E,二合一(可拆卸),,,,,,,,,,,,,,,,,,,,,,,华为 > 笔记本 > MateBook E 系列
MateBook Fold 非凡大师,折叠,,24999元,麒麟X90 Plus,,,鸿蒙,18英寸,双层OLED,,,,,,,,,支持 M-Pen3,,13英寸,,玄武水滴铰链,,华为 > 笔记本 > MateBook Fold 系列
MateBook GT,,高性能,,,,,,,,,,,,,,,,,2024年,,,,,华为 > 笔记本 > MateBook GT 系列
MateBook Pro,,,,麒麟X90 Plus,,,,,,,970g,,,,,40W,,,,,,,,华为 > 笔记本 > MateBook Pro 系列
MateBook Pro S,,,7999元起,麒麟XE90,,,,14.2英寸,,,798g,,镁锂合金,,标准版 / 柔光版 / 防窥版 / 典藏版,,,,,,,,,华为 > 笔记本 > MateBook Pro 系列
MateBook X Pro,,,,酷睿Ultra9,32GB,2TB,Windows,,3.1K OLED柔性屏,,1.26kg,,,140W,,,,,,,3D超材料天线,,,华为 > 笔记本 > MateBook X Pro 系列
MateBook 14 Linux 版,,,,,,,Linux,,,,1.31kg,14.5mm,,,,,,,,,,,,华为 > 笔记本 > MateBook 数字系列
MateBook 14 鸿蒙版,,,6599元起,,,,鸿蒙,,,,,,,,,,,,,,,,,华为 > 笔记本 > MateBook 数字系列
