产品,专业运动模式,常规使用续航,表壳尺寸,售价,屏幕尺寸,轻度使用续航,越野跑模式续航,运动模式数,兼容性,表壳材质,重量,屏幕类型,表镜材质,卫星通信,潜水,血压监测,认证,峰值亮度,内置耳机,耳机重量,耳机降噪,耳机左右,ECG 心电,血糖风险评估,定位,产品定位,归属
WATCH Buds 2,,,,,1.5英寸,,,,,钛合金,54.5g,LTPO,,,,,,3000nit,有,4g/只,AI降噪,不分左右,,,,,华为 > 智能手表 > WATCH Buds 系列
WATCH D2,,,,,,,,,,,,,,,,医疗级动态血压监测,写入中国高血压防治指南,,,,,,,,,,华为 > 智能手表 > WATCH D 系列
WATCH FIT 5,,14天,,,1.74英寸,,,,,,27g,,,,,,,,,,,,,,,,华为 > 智能手表 > WATCH FIT 系列
WATCH FIT 5 Pro,,7天,,,1.92英寸,,,,,,,LTPO,,,,,,,,,,,支持,支持,,,华为 > 智能手表 > WATCH FIT 系列
WATCH GT Runner 2,专业跑步指标,,,,,,,,,,,,,,,,,,,,,,,,轻量化,,华为 > 智能手表 > WATCH GT Runner 系列
WATCH GT 7 41mm,滑雪、骑行,7天,41mm,1488元起,,14天,32小时,110+,iOS 与 Android,,,,,,,,,,,,,,,,,,华为 > 智能手表 > WATCH GT 系列
WATCH GT 7 46mm,滑雪、骑行,12天,46mm,1588元起,,21天,51小时,110+,iOS 与 Android,,,,,,,,,,,,,,,,,,华为 > 智能手表 > WATCH GT 系列
WATCH GT 7 Pro 46mm,专业登山、潜水,,46mm,2488元起,,,,,,钛合金,,,蓝宝石,,,,,,,,,,,,,,华为 > 智能手表 > WATCH GT 系列
WATCH Ultimate 2,水下声呐通信、北斗卫星语音消息,,,,,,,,,,,,,双向北斗卫星,150米潜水带音频,,,,,,,,,,,,华为 > 智能手表 > WATCH Ultimate 系列
华为手环 11,,,,,,,,,,,,,,,,,,,,,,,,,,入门健康监测,华为 > 智能手表 > 手环系列
