关系,值域,口径,适用层级,语义,可否对比,备注
形态,枚举(直板/内折/翻盖),,SPU,事实,0,[我拟][价值:顶]区分直板/折叠
产品定位,枚举(商务旗舰/影像旗舰/时尚/入门/折叠旗舰),,SPU,典型,0,[数据][价值:顶]可多值
售价,自由文本,起售价/元,SPU,事实,1,"[数据][价值:高]统一""X元起"""
搭载芯片,枚举(SoC型号),,SPU,事实,1,[数据][价值:高]
内存,自由文本,GB,SPU,事实,1,[数据][价值:高]
存储,自由文本,GB,SPU,事实,1,[我拟][价值:高]
操作系统,自由文本,如 HarmonyOS 6,SPU,事实,1,[数据][价值:高]
屏幕尺寸,自由文本,X英寸,SPU,事实,1,"[数据][价值:高]拆自""屏幕"""
屏幕类型,枚举(OLED/双层OLED/LTPO…),,SPU,事实,1,"[数据][价值:高]拆自""屏幕"""
屏幕分辨率,自由文本,WxH,SPU,事实,1,[数据][价值:高]
电池,自由文本,mAh,SPU,事实,1,[数据][价值:高]
有线快充,自由文本,W,SPU,事实,1,[数据][价值:高]
无线快充,自由文本,W,SPU,事实,1,[数据][价值:高]
后置主摄,自由文本,像素+类型,SPU,事实,1,[数据][价值:高]
重量,自由文本,约X克,SPU,事实,1,[数据][价值:高]不含保护壳
厚度,自由文本,mm,SPU,事实,1,[数据][价值:高]
主摄传感器,自由文本,如 1/1.28英寸,SPU,事实,1,"[数据][价值:中]旧名""传感器"""
主摄光圈,自由文本,F1.4-F4.0,SPU,事实,1,[数据][价值:中]
超广角,自由文本,像素,SPU,事实,1,[数据][价值:中]
长焦,自由文本,像素/变焦,SPU,事实,1,"[数据][价值:中]合并""潜望长焦_*/微距长焦"""
前置摄像头,自由文本,像素,SPU,事实,1,[数据][价值:中]
影像芯片,自由文本,,SPU,事实,1,[数据][价值:中]
刷新率,自由文本,Hz/LTPO,SPU,事实,1,"[我拟][价值:中]拆自""特性"""
峰值亮度,自由文本,nit,SPU,事实,1,[数据][价值:中]
续航,自由文本,极限续航/天,SPU,事实,1,"[数据][价值:中]旧名""极限续航"""
后盖材质,枚举(锦纤/玻璃/素皮/金属),,SPU,事实,1,"[数据][价值:中]旧名""材质"""
中框材质,枚举(铝合金/钛合金),,SPU,事实,1,"[数据][价值:中]旧名""中框"""
配色,枚举(配色名),,SPU,事实,1,[数据][价值:中]
防水等级,枚举(IPxx),,SPU,事实,1,"[我拟][价值:中]拆自""特性"""
蓝牙版本,自由文本,x.x,SPU,事实,1,"[我拟][价值:中]拆自""特性"""
WiFi,自由文本,如 WiFi 7+,SPU,事实,1,"[我拟][价值:中]拆自""特性"""
卫星通信,枚举(天通/北斗/无),,SPU,事实,1,"[我拟][价值:中]拆自""特性"""
发布时间,YYYY年M月,,SPU,事实,0,[数据][价值:中]
开售时间,YYYY年M月D日,,SPU,事实,0,[数据][价值:中]
展开屏尺寸,自由文本,X英寸,SPU,事实,1,[我拟][价值:低]仅折叠
折叠尺寸,自由文本,X英寸,SPU,事实,1,[我拟][价值:低]仅折叠
散热,自由文本,,SPU,事实,0,[数据][价值:低]
特性,自由文本,卖点/独有项(可多值),SPU,事实,0,[我拟][价值:低]兜底列
铰链,自由文本,名称,SPU,事实,0,[我拟][价值:低]仅折叠
外屏,自由文本,尺寸/类型,SPU,事实,0,[我拟][价值:低]仅折叠
命名后缀,枚举,系列允许出现的后缀,系列,规则,0,"[你定][价值:高]白名单；是否""完备""待定"
系列别名,自由文本,系列的别称/简称,系列,规则,0,[你定][价值:高]如 Mate 系 = Mate
系列定位,枚举,商务/影像/时尚/入门…,系列,典型,0,[我拟][价值:中]
全称特性,同 schema 谓语,全系都成立,系列,全称,0,[D-4][价值:中]可被成员继承
共享平台/芯片,枚举(芯片/平台),全系同款,系列,全称,0,[我拟][价值:中]
代际命名规则,自由文本,数字/年份递进,系列,规则,0,[我拟][价值:低]
